{"temperature": -0.607129693031311, "compassValid": 1, "pressure": 0.0, "fusionPoseValid": 1, "timestamp": 1522156619851192, "fusionQPose": [0.4172990322113037, -0.029503753408789635, 0.02596806176006794, -0.9079189300537109], "gyro": [0.21016669273376465, 0.7821036577224731, -0.003335333429276943], "pressureValid": 0, "humidityValid": 0, "fusionPose": [-0.07187597453594208, -0.03190654516220093, -2.2787928581237793], "humidity": 0.0, "fusionQPoseValid": 1, "accel": [0.031231999397277832, -0.07027199864387512, 0.9759999513626099], "compass": [-1.4832000732421875, 1.1471999883651733, 16.86880111694336], "gyroValid": 1, "accelValid": 1, "temperatureValid": 0}
